date,ships_anchored,brent_price,bpi,ship_cap,corn_price,gscpi,Gulf,PNW,trade_vol,ships_waiting,wheat_price,bpi_volatility,brent_price_trend,brent_price_seasonal,bpi_trend,bpi_seasonal
2021-08-02,62.0,75.578,3361.4,1959160.0,551.2716666666666,2.957723452210348,81.0,44.0,99.9268535914027,64.0,700.9783333333334,58.2983032268289,73.03821153846154,1.5043798513750424,3038.168269230769,-55.41182841161245
2021-08-09,59.0,71.40799999999999,3398.0,1929809.0,552.0833333333334,2.957723452210348,81.0,43.0,99.9268535914027,60.0,717.4983333333333,43.57795516920469,73.71571153846155,1.3463330738282664,3041.804807692307,-13.351371680843146
2021-08-16,74.0,71.178,3538.4,1902643.0,562.8533333333334,2.957723452210348,79.0,43.0,99.9268535914027,75.0,747.75,32.78904082621685,74.39155769230769,1.6050399345351247,3047.162499999999,47.84454178069529
2021-08-23,62.0,67.878,3734.4,1833497.0,546.9783333333334,2.957723452210348,79.0,43.0,99.9268535914027,62.0,724.4566666666666,57.45906914332979,75.05144230769231,1.2457597890049799,3051.345192307692,71.82867639607994
2021-08-30,68.0,71.5025,3879.0,1754641.0,549.9783333333334,2.957723452210348,81.5,44.0,99.9268535914027,73.0,722.985,38.553229587852954,75.70042307692309,1.2859183129135043,3056.4221153846142,79.43071966531072
2021-09-06,77.0,72.9,3657.0,1521418.0,519.6,3.3135323929804574,82.0,44.5,99.0724112274212,88.0,721.094,78.23890995842649,76.54042307692308,1.2226459636411542,3066.779807692307,26.652835049926068
2021-09-13,95.0,72.122,3553.6,1751272.0,501.2083333333333,3.3135323929804574,82.25,44.75,99.0724112274212,100.0,697.5033333333334,61.37786633519313,77.53315384615385,0.6669947162399088,3080.78173076923,8.67218601146448
2021-09-20,86.0,74.252,3845.6,1827118.0,523.5833333333334,3.3135323929804574,80.25,44.25,99.0724112274212,103.0,706.7033333333334,76.3188467184352,78.46667307692309,0.3248990821442746,3089.518269230768,60.51245043454132
2021-09-27,93.0,76.372,3983.4,1680253.0,527.1033333333334,3.3135323929804574,81.5,45.0,99.0724112274212,118.0,714.0166666666668,31.158926519088332,79.48913461538461,0.33871509046028203,3095.0918269230765,103.71952174864397
2021-10-04,89.0,78.962,4006.6,1847496.0,538.25,3.387179675669188,82.5,45.5,100.221159836092,116.0,735.6700000000001,17.829011546812914,80.50778846153845,0.6606159287986214,3105.70064102564,147.8186875873192
2021-10-11,83.0,82.474,3889.6,1772806.0,532.9383333333334,3.387179675669188,84.25,46.5,100.221159836092,105.0,737.945,30.566878162739265,81.33265384615386,0.09555756274025588,3117.4493589743583,198.50368758731918
2021-10-18,64.0,83.944,4008.6,1597843.0,522.6033333333334,3.387179675669188,84.25,46.5,100.221159836092,104.0,730.4883333333333,50.06954995430285,82.11862820512822,-0.11675077925558892,3131.158333333333,224.6728222027037
2021-10-25,66.0,85.128,4272.2,1702527.0,535.7716666666666,3.387179675669188,84.75,47.0,100.221159836092,108.0,751.985,68.96755610978576,82.9041217948718,-0.18535005160486,3142.4749999999995,211.40144399757568
2021-11-01,70.0,84.048,3939.0,1632495.0,563.0616666666666,3.933635446274131,91.0,50.0,103.099469237233,116.0,771.7083333333334,119.99065186831145,83.64497275641028,-0.9997765069063163,3149.3355769230766,160.18593117706277
2021-11-08,72.0,82.264,3147.8,1771718.0,560.15,3.933635446274131,89.5,49.0,103.099469237233,112.0,774.875,193.0507016660227,84.39938141025642,-1.3642210235383307,3154.2749999999996,67.89384784372952
2021-11-15,71.0,83.134,2912.0,1822254.0,569.45,3.933635446274131,84.5,45.25,103.099469237233,122.0,807.45,71.46951338372976,85.17670833333334,-1.8180982324780404,3158.9423076923076,36.92984143347304
2021-11-22,73.0,81.436,2343.4,1774309.0,573.35,3.933635446274131,78.0,42.0,103.099469237233,104.0,823.855,143.98108887844475,86.0021121794872,-1.9237078998377084,3166.298076923077,27.677533741165348
2021-11-29,75.0,78.712,2606.8,1639645.0,582.0,3.933635446274131,70.0,37.5,103.099469237233,85.0,834.0,110.7074019221648,86.92340064102565,-2.240286165603473,3174.502403846154,95.64545040783203
2021-12-06,73.0,71.008,3104.0,1760446.0,577.1,4.3352919603595215,70.5,37.5,104.403883778905,64.0,792.4583333333334,123.62828070846538,87.92341987179488,-2.7960009525057608,3177.7105769230766,138.83477733090893
2021-12-13,55.0,74.936,3061.6,1761610.0,586.45,4.3352919603595215,71.0,37.5,104.403883778905,127.0,786.3,78.40533369602528,88.98349679487181,-3.002766718271525,3172.6990384615387,80.2158457069772
2021-12-20,26.0,73.03999999999999,2496.2,1810111.0,590.0,4.3352919603595215,72.5,39.0,104.403883778905,126.0,773.625,160.19526405792277,90.00124679487179,-2.7320264202812283,3160.9375000000005,-1.0652226690910709
2021-12-27,37.0,74.75999999999999,2490.6666666666665,1418853.0,605.4100000000001,4.3352919603595215,70.0,37.25,104.403883778905,112.0,810.7783333333333,87.65770746532694,90.87766987179486,-2.4984992200040272,3145.9740384615384,-20.473897882766245
2022-01-03,45.0,78.1825,2874.0,1315079.0,597.75,4.423213838270251,69.5,37.25,103.221506532508,127.0,775.2283333333334,207.32984991714656,91.69924679487181,-2.549676454931264,3121.981730769231,-55.87030813917652
2022-01-10,59.0,81.164,2907.4,1660730.0,604.4,4.423213838270251,69.0,37.25,103.221506532508,144.0,759.6666666666666,141.9882385410645,92.47053525641026,-2.9717086794634855,3088.325961538462,-135.400393609262
2022-01-17,56.0,86.32000000000001,2388.2,1788647.0,595.9375,4.423213838270251,70.5,38.75,103.221506532508,141.0,754.0625,138.15274355303188,93.16666987179487,-2.6525579518127604,3053.6701923076926,-263.27641412208254
2022-01-24,42.0,89.142,2026.0,1471098.0,611.65,4.423213838270251,68.5,37.5,103.221506532508,153.0,785.7716666666666,82.14738094814693,93.88209294871794,-2.1827159559707643,3021.820192307692,-358.7427867716551
2022-01-31,52.0,91.046,1847.8,1567378.0,626.85,3.715989951978264,64.5,35.0,103.221506532508,153.0,787.6033333333334,49.0580644310188,94.57153525641026,-1.7483313405861471,2994.5971153846153,-378.95663292550137
2022-02-07,59.0,93.76,1831.6,1742009.0,625.95,3.715989951978264,62.5,34.5,103.309632905187,155.0,762.4783333333334,43.04666294485274,95.18576602564103,-1.4565132532680605,2968.570192307692,-365.26851326738165
2022-02-14,66.0,97.31,2341.4,1675289.0,645.5,3.715989951978264,61.0,34.0,103.309632905187,141.0,788.395,144.0295455306306,95.79186217948717,-0.20979028029508723,2939.4278846153848,-300.4542611306295
2022-02-21,74.0,97.256,2430.4,1672086.0,647.3125,3.715989951978264,65.0,36.0,103.309632905187,147.0,788.8125,39.684196664291356,96.37488141025642,0.2637850835302783,2904.7394230769232,-196.45274403661242
2022-02-28,76.0,100.19,2649.2,1685570.0,682.1,2.809008096900822,66.0,36.25,103.309632905187,138.0,883.45,80.45344133202752,96.91846314102567,0.24995902670421807,2862.419711538462,-93.2860346349031
2022-03-07,61.0,119.622,2812.0,1685072.0,747.15,2.809008096900822,68.5,38.25,101.636627322929,117.0,1222.4366666666667,83.96726406614218,97.40414102564102,0.35289769614288685,2816.2134615384616,8.247341433473062
2022-03-14,69.0,118.56,3130.4,1602015.0,749.73,2.809008096900822,71.0,39.25,101.636627322929,116.0,1143.77,119.95494874930009,97.79204487179489,0.07809710709229832,2775.4634615384616,38.618281604413234
2022-03-21,65.0,111.972,2926.6,1598489.0,747.7916666666666,2.809008096900822,79.0,44.25,101.636627322929,106.0,1096.625,95.72290727694005,98.12663141025642,-0.3210406267954343,2740.6783653846155,14.475551396079885
2022-03-28,73.0,122.04,3370.0,1730409.0,751.75,2.809008096900822,74.5,42.75,101.636627322929,112.0,1092.5633333333333,141.8491654119538,98.39216025641026,0.2655589920541854,2704.635576923077,9.805639537105554
2022-04-04,61.0,109.99,3160.4,1679551.0,739.1866666666666,2.8610871724422853,78.5,44.0,102.288745800931,101.0,1005.3333333333334,90.22704534917278,98.5932371794872,0.24932943557462625,2666.800961538462,-9.256339629561134
2022-04-11,63.0,101.284,2831.8,1624606.0,762.2916666666666,2.8610871724422853,78.5,44.0,102.288745800931,86.0,1049.04,79.88389678942238,98.81839102564105,0.6959545221997129,2631.7548076923085,-23.801451809048423
2022-04-18,62.0,107.91333333333334,2957.3333333333335,1638680.0,791.0,2.8610871724422853,77.5,43.75,102.288745800931,107.0,1105.3333333333333,81.11891667506795,99.03894871794874,1.0454422214374128,2597.3682692307693,-4.103495078279055
2022-04-25,54.0,104.432,3036.8,1653407.0,800.855,2.8610871724422853,78.5,44.25,102.288745800931,103.0,1080.8533333333332,52.46458443136072,99.18775641025641,0.8139488049439975,2558.7413461538467,58.388131524285015
2022-05-02,50.0,105.0825,2918.75,1705684.0,813.2,3.5523806603161203,79.0,44.75,103.929235807138,92.0,1076.426,35.61142846650446,99.33512179487182,0.4385870585822512,2518.4086538461543,49.036488896079774
2022-05-09,49.0,109.622,3097.2,1616232.0,790.625,3.5523806603161203,79.0,44.25,103.929235807138,82.0,1092.0416666666667,67.07789462325428,99.56804487179487,0.6108672041123969,2484.520192307693,72.44726613966954
2022-05-16,29.0,109.07,3285.4,1786258.0,800.5216666666666,3.5523806603161203,79.5,44.5,103.929235807138,61.0,1170.4383333333333,44.91622597210766,99.8238141025641,0.9990123444450368,2458.3528846153845,97.64798729351578
2022-05-23,44.0,112.982,3342.0,1738244.0,785.25,3.5523806603161203,82.0,46.5,103.929235807138,74.0,1208.375,42.61803711728365,100.02869871794874,0.9698277030728966,2439.0163461538464,46.31573569095162
2022-05-30,44.0,119.238,3134.2,1695380.0,772.374,3.5523806603161203,82.5,47.0,103.929235807138,71.0,1151.826,88.83497735650414,100.18558333333334,1.2565268974595911,2421.045192307692,-44.56403193725346
2022-06-06,55.0,124.6,2855.0,1690267.0,736.375,2.7629325692452142,81.5,47.0,103.852949727821,85.0,1063.6466666666668,84.1019885867429,100.38452564102566,1.4927518194970102,2395.964423076923,-50.86787809109957
2022-06-13,52.0,128.088,2693.0,1724149.0,769.5633333333334,2.7629325692452142,80.25,46.0,103.852949727821,77.0,1072.5416666666667,58.32854963065104,100.54358333333334,1.392141112636304,2368.099038461539,-45.731159341099676
2022-06-20,61.0,123.046,2771.8,1768619.0,778.75,2.7629325692452142,79.5,45.25,103.852949727821,88.0,1053.1875,67.84170230180233,100.64975641025642,1.627646440079133,2346.3413461538466,-17.48720902058676
2022-06-27,72.0,117.12,2745.4,1752807.0,737.8533333333334,2.7629325692452142,79.5,45.25,103.852949727821,93.0,944.1883333333334,52.68982694936875,100.78597275641026,2.068875779995975,2329.24967948718,-21.808863668022646
2022-07-04,75.0,120.76,2501.4,1584606.0,757.0,2.43725214134663,79.0,45.0,103.825294718933,92.0,899.0,57.3551225279322,100.8755560897436,2.034270617140812,2306.5445512820515,51.29450171659271
2022-07-11,90.0,112.246,2295.4,1532120.0,716.73,2.43725214134663,76.5,44.0,103.825294718933,113.0,854.125,66.8934109777509,100.87307692307694,2.257441051998745,2277.1810897435903,112.56140876787477
2022-07-18,87.0,110.284,1956.2,1697610.0,604.1466666666666,2.43725214134663,75.0,43.25,103.825294718933,114.0,799.7083333333334,87.19878644712526,100.79051923076925,2.233228084223277,2249.100320512821,97.19838793454149
2022-07-25,88.0,111.726,2021.0,1771686.0,581.0416666666666,2.43725214134663,71.0,41.0,103.825294718933,109.0,792.9583333333334,59.46370548505335,100.71092307692308,2.0768102048054016,2227.265705128205,11.153315819156886
2022-08-01,96.0,108.848,2064.8,1758101.0,609.375,1.840661505961465,69.0,40.5,104.465025862562,119.0,805.52,15.437769137726391,100.62184615384616,1.5043798513750424,2210.2772435897436,-55.41182841161245
2022-08-08,98.0,102.018,1987.8,1680682.0,601.25,1.840661505961465,68.5,40.5,104.465025862562,117.0,775.6466666666666,21.901553244442436,100.44449999999999,1.3463330738282664,2194.0849358974356,-13.351371680843146
2022-08-15,87.0,103.602,1917.8,1749972.0,627.2916666666666,1.840661505961465,66.5,39.5,104.465025862562,95.0,800.145,16.74246142669058,100.19751923076925,1.6050399345351247,2171.311858974359,47.84454178069529
2022-08-22,88.0,96.088,1747.4,1878202.0,620.9783333333334,1.840661505961465,65.5,38.0,104.465025862562,103.0,759.3133333333334,55.28630904147816,99.94142307692309,1.2457597890049799,2141.5887820512817,71.82867639607994
2022-08-29,92.0,99.825,1464.75,1776061.0,667.895,1.840661505961465,63.0,36.5,104.465025862562,101.0,797.625,85.88327082952134,99.62942307692308,1.2859183129135043,2112.4387820512816,79.43071966531072
2022-09-05,93.0,95.088,1265.8,1659393.0,669.626,1.5247680095602894,61.5,35.5,104.879149687463,103.0,813.4583333333334,66.25329671572793,99.11192307692308,1.2226459636411542,2086.6560897435897,26.652835049926068
2022-09-12,105.0,90.276,1706.8,1585170.0,686.355,1.5247680095602894,57.0,33.5,104.879149687463,115.0,847.3133333333334,150.71288419224155,98.41928846153846,0.6669947162399088,2060.408012820513,8.67218601146448
2022-09-19,88.0,90.895,2074.75,1764480.0,687.9366666666666,1.5247680095602894,58.0,33.5,104.879149687463,98.0,848.0416666666666,105.46673299210505,97.6944423076923,0.3248990821442746,2034.638782051282,60.51245043454132
2022-09-26,88.0,87.34400000000001,2005.8,1930041.0,680.4783333333334,1.5247680095602894,61.5,36.5,104.879149687463,96.0,887.605,31.180200731001044,96.87363461538462,0.33871509046028203,2005.8267628205128,103.71952174864397
2022-10-03,78.0,88.902,2049.4,1659680.0,673.15,1.0290891516325156,61.0,36.0,103.928250761055,86.0,900.9,23.058064206916185,96.13225,0.6606159287986214,1973.7878205128206,147.8186875873192
2022-10-10,75.0,95.95,2202.0,1688023.0,684.8,1.0290891516325156,61.0,36.0,103.928250761055,81.0,900.45,44.48156836680879,95.69553846153845,0.09555756274025588,1948.9839743589744,198.50368758731918
2022-10-17,80.0,93.406,2120.0,1887532.0,690.875,1.0290891516325156,61.25,36.0,103.928250761055,83.0,876.355,40.84116845356108,95.34812179487177,-0.11675077925558892,1927.4884615384617,224.6728222027037
2022-10-24,73.0,91.142,2143.6,1896759.0,681.5833333333334,1.0290891516325156,63.75,37.0,103.928250761055,77.0,847.1666666666666,27.39621121996621,94.95399358974359,-0.18535005160486,1902.823717948718,211.40144399757568
2022-10-31,64.0,93.36,1873.0,1863555.0,687.1666666666666,1.14471198716245,63.25,37.0,103.928250761055,69.0,852.2716666666666,84.293553650864,94.52623397435896,-0.9997765069063163,1877.2669871794874,160.18593117706277
2022-11-07,73.0,97.176,1689.4,1827323.0,684.25,1.14471198716245,62.0,35.5,102.216587950081,77.0,855.3333333333334,23.645984157523888,93.95508493589743,-1.3642210235383307,1849.765064102564,67.89384784372952
2022-11-14,40.0,94.822,1649.0,1588238.0,660.1,1.14471198716245,58.0,34.0,102.216587950081,51.0,813.98,25.896344514388545,93.30009935897435,-1.8180982324780404,1816.9237179487181,36.92984143347304
2022-11-21,55.0,91.056,1595.4,1972864.0,665.35,1.14471198716245,57.5,34.0,102.216587950081,59.0,809.25,41.78027396116558,92.62431089743589,-1.9237078998377084,1779.0429487179488,27.677533741165348
2022-11-28,44.0,85.408,1485.8,1701879.0,665.625,1.14471198716245,58.0,33.25,102.216587950081,44.0,798.826,30.32480267652387,91.85752243589741,-2.240286165603473,1739.9852564102562,95.64545040783203
2022-12-05,47.0,85.002,1616.6,1992374.0,652.9,1.2682551579556955,57.5,32.75,101.610096436879,47.0,772.0,36.17324602831876,90.96571474358974,-2.7960009525057608,1703.6717948717949,138.83477733090893
2022-12-12,46.0,77.48400000000001,1651.0,1994606.0,632.25,1.2682551579556955,57.0,32.25,101.610096436879,46.0,738.4,10.635656556814606,89.97379166666666,-3.002766718271525,1671.3371794871794,80.2158457069772
2022-12-19,47.0,81.534,1644.0,2029219.0,647.3,1.2682551579556955,57.25,32.0,101.610096436879,46.0,743.25,10.916585181115904,89.00465705128204,-2.7320264202812283,1641.0217948717948,-1.0652226690910709
2022-12-26,26.0,80.4325,1565.3333333333333,1395206.0,660.25,1.2682551579556955,57.0,32.0,101.610096436879,26.0,764.125,32.604309145326155,88.13823397435897,-2.4984992200040272,1610.2564102564102,-20.473897882766245
2023-01-02,37.0,81.82666666666667,1438.0,1615910.0,678.875,1.3417155757748296,56.5,31.75,101.527088883955,37.0,781.5,68.68527256018254,87.2787532051282,-2.549676454931264,1580.8506410256412,-55.87030813917652
2023-01-09,43.0,77.262,1289.6,1943000.0,660.26,1.3417155757748296,56.0,31.5,101.527088883955,43.0,756.11,69.98598814471266,86.48965705128205,-2.9717086794634855,1554.227564102564,-135.400393609262
2023-01-16,37.0,81.636,1085.6,1972748.0,664.25,1.3417155757748296,54.0,30.5,101.527088883955,37.0,739.375,46.9563861104939,85.85992628205128,-2.6525579518127604,1533.1564102564103,-263.27641412208254
2023-01-23,31.0,85.548,1057.8,2041740.0,677.25,1.3417155757748296,52.25,28.25,101.527088883955,31.0,738.8333333333334,8.587121996571094,85.26565705128205,-2.1827159559707643,1514.5621794871795,-358.7427867716551
2023-01-30,22.0,85.376,1049.2,1891717.0,680.2,1.3417155757748296,51.5,28.25,101.527088883955,22.0,746.15,9.00023730968726,84.72659935897435,-1.7483313405861471,1493.6621794871796,-378.95663292550137
2023-02-06,16.0,80.986,946.2,1924377.0,678.5,1.0838564583426726,51.5,28.25,101.419143634047,16.0,757.8,39.98848151523252,84.3333108974359,-1.4565132532680605,1474.4083333333335,-365.26851326738165
2023-02-13,19.0,84.398,858.4,1875160.0,677.75,1.0838564583426726,50.0,28.25,101.419143634047,19.0,769.95,15.493952358022117,84.0282532051282,-0.20979028029508723,1459.8083333333334,-300.4542611306295
2023-02-20,24.0,83.534,822.2,1905391.0,678.0625,1.0838564583426726,48.0,27.5,101.419143634047,24.0,769.2083333333334,15.416260478208404,83.77633012820512,0.2637850835302783,1451.3448717948718,-196.45274403661242
2023-02-27,22.0,81.464,1225.8,1817215.0,661.2,1.0838564583426726,47.75,26.0,101.419143634047,22.0,734.105,138.5517071661717,83.52722916666667,0.24995902670421807,1449.0583333333336,-93.2860346349031
2023-03-06,18.0,84.52799999999999,1554.0,1731454.0,636.25,-0.2073743411322674,48.5,26.5,103.283321706152,18.0,706.45,77.31627873609922,83.31333974358975,0.35289769614288685,1451.3544871794873,8.247341433473062
2023-03-13,10.0,81.62,1658.6,1738844.0,623.1866666666666,-0.2073743411322674,52.5,29.0,103.283321706152,10.0,678.7916666666666,32.59185078917419,83.25926282051283,0.07809710709229832,1451.4160256410257,38.618281604413234
2023-03-20,5.0,73.52799999999999,1718.4,1696676.0,630.8,-0.2073743411322674,52.5,29.5,103.283321706152,5.0,701.4366666666666,35.53525987637461,83.30827243589744,-0.3210406267954343,1445.0145833333333,14.475551396079885
2023-03-27,5.0,75.12,1581.75,1809967.0,637.3,-0.2073743411322674,53.5,30.5,103.283321706152,5.0,679.05,39.4822204185552,83.41307051282051,0.2655589920541854,1437.7554487179486,9.805639537105554
2023-04-03,13.0,79.806,1616.6,1989107.0,653.1,-1.1367841587346068,52.0,29.0,101.54525516014,13.0,696.5,23.44020532200841,83.54078205128206,0.24932943557462625,1431.3881410256413,-9.256339629561134
2023-04-10,9.0,86.05,1796.0,1954364.0,649.5,-1.1367841587346068,52.0,29.0,101.54525516014,9.0,679.48,69.30762660316016,83.5461858974359,0.6959545221997129,1422.2977564102566,-23.801451809048423
2023-04-17,9.0,87.01599999999999,1757.6,2084884.0,660.4,-1.1367841587346068,55.5,30.0,101.54525516014,9.0,680.6666666666666,51.723970107780644,83.46353205128206,1.0454422214374128,1411.4516025641028,-4.103495078279055
2023-04-24,15.0,84.34,1671.4,2113358.0,665.6,-1.1367841587346068,55.75,30.0,101.54525516014,15.0,682.45,24.232762441939418,83.44908974358975,0.8139488049439975,1401.2900641025642,58.388131524285015
2023-05-01,20.0,80.6875,1626.25,2003973.0,638.1,-1.2818493625909717,54.75,30.0,102.602523616403,20.0,635.25,25.578787986817225,83.42749358974359,0.4385870585822512,1393.6833333333336,49.036488896079774
2023-05-08,11.0,74.61749999999999,1529.5,1990096.0,647.9,-1.2818493625909717,54.75,30.0,102.602523616403,11.0,644.645,30.63679874942859,83.29862820512821,0.6108672041123969,1388.913141025641,72.44726613966954
2023-05-15,8.0,75.95599999999999,1437.6,2045957.0,629.2,-1.2818493625909717,53.25,30.0,102.602523616403,8.0,634.395,30.06713508939284,83.09095512820512,0.9990123444450368,1385.5708333333332,97.64798729351578
2023-05-22,10.0,75.814,1250.2,2058996.0,564.7,-1.2818493625909717,51.25,28.5,102.602523616403,10.0,619.2,46.98749165141312,82.88670512820512,0.9698277030728966,1386.886217948718,46.31573569095162
2023-05-29,11.0,76.66,1164.0,2080010.0,589.875,-1.2818493625909717,51.0,28.25,102.602523616403,11.0,613.126,26.154568080171725,82.75366666666666,1.2565268974595911,1394.8708333333332,-44.56403193725346
2023-06-05,13.0,74.42999999999999,1048.6,2084208.0,597.4,-1.5594503358600431,50.0,27.5,101.807089324622,13.0,607.8,32.001737758541154,82.66814743589742,1.4927518194970102,1407.0862179487176,-50.86787809109957
2023-06-12,16.0,75.098,1136.6,2002057.0,608.8,-1.5594503358600431,48.0,26.5,101.807089324622,16.0,627.4383333333334,30.804970466242178,82.60720512820512,1.392141112636304,1418.3862179487178,-45.731159341099676
2023-06-19,18.0,75.24600000000001,1175.4,1995206.0,620.9375,-1.5594503358600431,48.0,26.5,101.807089324622,18.0,657.375,13.108611173799707,82.53689743589744,1.627646440079133,1425.6381410256408,-17.48720902058676
2023-06-26,18.0,74.812,1142.2,2201230.0,636.875,-1.5594503358600431,48.5,27.0,101.807089324622,18.0,738.6866666666666,17.66017234124441,82.48602724358975,2.068875779995975,1431.6201923076924,-21.808863668022646
2023-07-03,25.0,73.68199999999999,1046.4,2238206.0,581.15,-1.092535863592055,48.5,26.5,101.793714086349,25.0,662.6033333333334,25.67118456431935,82.46145192307692,2.034270617140812,1439.1426282051284,51.29450171659271
2023-07-10,14.0,77.258,981.6,2008945.0,561.5625,-1.092535863592055,47.5,26.0,101.793714086349,14.0,649.25,18.581637819914135,82.43013141025642,2.257441051998745,1446.9541666666667,112.56140876787477
2023-07-17,21.0,79.78,1078.6,2304492.0,562.8,-1.092535863592055,46.25,25.5,101.793714086349,21.0,638.7,32.18501927494545,82.4008814102564,2.233228084223277,1453.861858974359,97.19838793454149
2023-07-24,21.0,80.426,964.8,2180331.0,539.8,-1.092535863592055,46.75,25.75,101.793714086349,21.0,716.1,44.52460605609242,82.3294391025641,2.0768102048054016,1461.7233974358976,11.153315819156886
2023-07-31,20.0,84.086,947.4,2220184.0,531.2,-0.9210254373813672,46.5,25.5,101.793714086349,20.0,712.6,25.89962287574365,82.25580448717949,1.5043798513750424,1472.3253205128208,-55.41182841161245
2023-08-07,22.0,85.878,1102.8,2226539.0,486.5,-0.9210254373813672,45.0,25.0,102.181446762422,22.0,641.95,41.07843370267709,82.23695833333333,1.3463330738282664,1483.3791666666668,-13.351371680843146
2023-08-14,16.0,88.016,1284.4,2240146.0,480.05,-0.9210254373813672,46.5,26.0,102.181446762422,16.0,633.105,51.88718252036465,82.22416987179489,1.6050399345351247,1494.6003205128206,47.84454178069529
2023-08-21,10.0,85.474,1500.6,1982307.0,471.05,-0.9210254373813672,48.0,26.0,102.181446762422,10.0,606.1666666666666,53.958691820957014,82.21707371794872,1.2457597890049799,1508.7137820512821,71.82867639607994
2023-08-28,9.0,84.5325,1473.75,1880966.0,472.85,-0.9210254373813672,52.0,27.5,102.181446762422,9.0,627.55,28.478245777582153,82.2602467948718,1.2859183129135043,1520.3464743589745,79.43071966531072
2023-09-04,14.0,88.136,1495.6,2024434.0,464.25,-1.0557241776264314,52.0,27.5,101.847625290146,14.0,601.25,25.129336349394805,82.29384294871798,1.2226459636411542,1525.65608974359,26.652835049926068
2023-09-11,33.0,91.604,1483.4,1951485.0,470.6,-1.0557241776264314,53.5,28.5,101.847625290146,33.0,575.0,10.782171155297378,82.32870833333335,0.6669947162399088,1529.333012820513,8.67218601146448
2023-09-18,23.0,94.664,1632.4,2181823.0,467.5,-1.0557241776264314,54.0,29.0,101.847625290146,31.0,578.45,44.0626224217615,82.47276602564104,0.3248990821442746,1536.054166666667,60.51245043454132
2023-09-25,31.0,94.474,1693.2,2092484.0,478.45,-1.0557241776264314,54.0,29.0,101.847625290146,31.0,582.5833333333334,16.435526628827507,82.68716987179488,0.33871509046028203,1546.241185897436,103.71952174864397
2023-10-02,24.0,95.054,1699.8,2129416.0,483.4,-0.6464011564090549,57.5,30.5,102.660721239687,24.0,570.7,10.119614474447213,82.84647115384615,0.6606159287986214,1554.5916666666665,147.8186875873192
2023-10-09,26.0,90.36,1606.2,2149448.0,490.25,-0.6464011564090549,57.5,30.5,102.660721239687,26.0,569.55,31.170601314605022,82.9468108974359,0.09555756274025588,1556.8416666666667,198.50368758731918
2023-10-16,30.0,90.4,1587.8,2312856.0,490.55,-0.6464011564090549,57.5,30.5,102.660721239687,30.0,568.6,19.985054751510546,83.03702243589744,-0.11675077925558892,1555.5051282051284,224.6728222027037
2023-10-23,20.0,92.646,1619.0,2220673.0,494.1666666666667,-0.6464011564090549,57.0,30.0,102.660721239687,20.0,583.8966675,25.85089433073918,83.12702243589743,-0.18535005160486,1556.5128205128203,211.40144399757568
2023-10-30,30.0,89.61,1606.5,2029141.0,480.45,-0.6464011564090549,57.0,29.75,102.660721239687,30.0,574.4583333333334,19.114397948833506,83.24835416666667,-0.9997765069063163,1560.8334935897435,160.18593117706277
2023-11-06,22.0,87.524,1459.8,2120709.0,475.65,-0.3505568289107051,57.0,29.5,101.491940826506,22.0,566.35,32.823754943305794,83.4262628205128,-1.3642210235383307,1566.5565705128201,67.89384784372952
2023-11-13,21.0,82.876,1531.0,2008488.0,470.75,-0.3505568289107051,56.0,28.75,101.491940826506,21.0,579.5,29.445215398174867,83.59422435897434,-1.8180982324780404,1575.172435897436,36.92984143347304
2023-11-20,17.0,81.76,1850.2,2093053.0,486.55,-0.3505568289107051,56.0,29.0,101.491940826506,17.0,572.6666666666666,93.83014786198508,83.7151858974359,-1.9237078998377084,1586.5993589743587,27.677533741165348
2023-11-27,8.0,80.868,2061.4,1863033.0,473.9375,-0.3505568289107051,57.0,29.5,101.491940826506,8.0,576.75,44.22053714786216,83.79888301282051,-2.240286165603473,1598.9633012820511,95.64545040783203
2023-12-04,7.0,80.648,2311.4,2004234.0,466.95,0.1732920347054274,59.875,31.0,102.385957917524,7.0,595.8,85.57294826904379,83.88308012820514,-2.7960009525057608,1611.9022435897436,138.83477733090893
2023-12-11,18.0,75.5,2131.4,2121538.0,465.55,0.1732920347054274,62.75,32.5,102.385957917524,18.0,615.85,103.33398930786484,83.95721474358974,-3.002766718271525,1624.133012820513,80.2158457069772
2023-12-18,11.0,76.20599999999999,1917.8,2032689.0,467.2,0.1732920347054274,63.75,33.0,102.385957917524,11.0,606.5,39.42376806558231,84.03490705128205,-2.7320264202812283,1636.7714743589743,-1.0652226690910709
2023-12-25,7.0,80.47,1913.6666666666667,1900968.0,472.0,0.1732920347054274,60.75,31.75,102.385957917524,7.0,615.375,5.441928149738064,84.19890705128205,-2.4984992200040272,1650.7560897435897,-20.473897882766245
2024-01-01,31.0,79.23333333333333,1872.0,1773286.0,475.5625,-0.1567823947028078,60.75,31.75,101.884431357735,31.0,629.6875,21.108844907604116,84.43054166666667,-2.549676454931264,1663.9003205128204,-55.87030813917652
2024-01-08,38.0,76.598,1668.0,1997248.0,462.25,-0.1567823947028078,60.75,31.75,101.884431357735,38.0,607.8333333333334,77.74422806185137,84.6601185897436,-2.9717086794634855,1675.7676282051282,-135.400393609262
2024-01-15,12.0,79.258,1425.6,1954271.0,455.875,-0.1567823947028078,60.75,31.75,101.884431357735,12.0,605.125,51.11376755744225,84.83084935897438,-2.6525579518127604,1686.7753205128204,-263.27641412208254
2024-01-22,10.0,80.49600000000001,1535.4,2075223.0,444.2,-0.1567823947028078,57.75,30.5,101.884431357735,10.0,587.95,43.67856400839846,84.94529166666668,-2.1827159559707643,1699.2407051282053,-358.7427867716551
2024-01-29,10.0,82.77000000000001,1674.2,2103289.0,447.4,-0.1567823947028078,57.75,30.5,101.884431357735,10.0,602.4783325,35.96716968587022,84.97369551282051,-1.7483313405861471,1714.3695512820514,-378.95663292550137
2024-02-05,18.0,81.632,1470.8,2168560.0,445.75,-0.3444157522970615,59.0,31.5,103.54716238358,18.0,598.45,65.05751483630694,84.89319551282053,-1.4565132532680605,1728.286858974359,-365.26851326738165
2024-02-12,20.0,82.422,1500.8,2127011.0,433.15,-0.3444157522970615,58.5,31.5,103.54716238358,20.0,595.95,28.104591639727182,84.75508012820514,-0.20979028029508723,1737.5599358974362,-300.4542611306295
2024-02-19,20.0,84.772,1647.6,2113450.0,422.3125,-0.3444157522970615,58.25,31.0,103.54716238358,20.0,577.3125,38.931862438704464,84.64492628205129,0.2637850835302783,1741.367628205128,-196.45274403661242
2024-02-26,17.0,84.71600000000001,1610.2,2119635.0,408.5,-0.3444157522970615,58.75,31.0,103.54716238358,17.0,576.05,34.24258444143179,84.56092147435899,0.24995902670421807,1741.8171474358974,-93.2860346349031
2024-03-04,17.0,84.77,1721.8,2087559.0,422.25,-0.1835530751564498,60.0,32.0,102.237523253691,17.0,571.4,49.89968322932956,84.43347435897437,0.35289769614288685,1740.2185897435897,8.247341433473062
2024-03-11,23.0,85.00399999999999,1873.2,1958914.0,422.4,-0.1835530751564498,59.25,32.0,102.237523253691,23.0,537.15,34.8041639231101,84.18964743589744,0.07809710709229832,1736.9070512820515,38.618281604413234
2024-03-18,16.0,85.126,2202.8,1975054.0,430.15,-0.1835530751564498,60.25,33.0,102.237523253691,16.0,531.3533325,99.93150585590222,83.80801282051281,-0.3210406267954343,1732.7839743589745,14.475551396079885
2024-03-25,10.0,85.82000000000001,2156.8,2034994.0,439.25,-0.1835530751564498,61.25,33.5,102.237523253691,10.0,550.8,53.55093535417309,83.40862820512821,0.2655589920541854,1728.751282051282,9.805639537105554
2024-04-01,14.0,85.67333333333333,1910.0,1975012.0,435.8,-0.3422912679862616,63.0,33.75,103.440742885485,14.0,553.95,102.54084336393203,83.01632051282053,0.24932943557462625,1725.0628205128205,-9.256339629561134
2024-04-08,9.0,90.618,1736.6,2018917.0,432.65,-0.3422912679862616,62.25,33.0,103.440742885485,9.0,559.7916666666666,66.24555695722825,82.68833974358974,0.6959545221997129,1720.9301282051283,-23.801451809048423
2024-04-15,15.0,91.83,1678.0,1896735.0,432.25,-0.3422912679862616,61.25,32.75,103.440742885485,15.0,555.15,36.28763227509216,82.4545512820513,1.0454422214374128,1717.3666666666668,-4.103495078279055
2024-04-22,13.0,88.886,1855.8,2023429.0,432.25,-0.3422912679862616,59.75,31.25,103.440742885485,13.0,558.8,52.56324574466646,82.15830128205128,0.8139488049439975,1712.9185897435898,58.388131524285015
2024-04-29,20.0,88.76,1891.2,1996297.0,444.2,-0.3422912679862616,61.75,33.25,103.440742885485,20.0,615.1666666666666,16.450663607382335,81.82847435897435,0.4385870585822512,1706.1907051282053,49.036488896079774
2024-05-06,17.0,85.0475,1859.75,2071434.0,457.3,-0.9405278190925106,62.0,33.25,103.226369465926,17.0,612.3,16.062624110969168,81.54468589743588,0.6108672041123969,1699.9762820512824,72.44726613966954
2024-05-13,4.0,82.994,2003.4,1938766.0,451.25,-0.9405278190925106,62.0,33.25,103.226369465926,4.0,638.9,43.014542265601484,81.33224358974357,0.9990123444450368,1694.1166666666668,97.64798729351578
2024-05-20,11.0,81.356,1872.8,1910729.0,457.25,-0.9405278190925106,63.5,34.0,103.226369465926,11.0,665.2,52.734390378474075,81.1762628205128,0.9698277030728966,1684.56858974359,46.31573569095162
2024-05-27,21.0,79.8225,1827.25,1854989.0,462.0,-0.9405278190925106,62.0,33.0,103.226369465926,21.0,696.4375,9.32789341558004,81.03699358974357,1.2565268974595911,1669.2551282051284,-44.56403193725346
2024-06-03,25.0,80.024,1731.0,2122399.0,451.25,-0.5681010437486806,61.5,33.0,103.959960485395,25.0,682.1883341666667,35.18711753591013,80.91370512820512,1.4927518194970102,1647.8262820512819,-50.86787809109957
2024-06-10,26.0,77.214,1726.2,2083502.0,446.85,-0.5681010437486806,60.0,32.25,103.959960485395,26.0,634.3333333333334,22.561733019043697,80.83560897435898,1.392141112636304,1625.0301282051284,-45.731159341099676
2024-06-17,20.0,81.21000000000001,1900.2,1927043.0,452.45,-0.5681010437486806,59.5,32.0,103.959960485395,20.0,627.4800008333333,51.02951622154527,80.80285897435895,1.627646440079133,1605.9570512820515,-17.48720902058676
2024-06-24,18.0,85.904,1871.8,2031859.0,445.125,-0.5681010437486806,60.0,32.5,103.959960485395,18.0,582.9375,37.8845614433164,80.71466666666667,2.068875779995975,1588.2679487179487,-21.808863668022646
2024-07-01,15.0,86.67999999999999,1683.8,2079905.0,418.85,-0.3399935292546055,60.25,32.5,103.42579037985,15.0,572.85,42.921151897596765,80.59439102564102,2.034270617140812,1570.667307692308,51.29450171659271
2024-07-08,13.0,88.136,1578.4,1812318.0,404.3125,-0.3399935292546055,60.25,32.0,103.42579037985,13.0,560.3125,31.417380034370943,80.53845673076923,2.257441051998745,1556.0679487179489,112.56140876787477
2024-07-15,11.0,86.65799999999999,1626.6,2080500.0,399.25,-0.3399935292546055,60.0,31.75,103.42579037985,11.0,544.5,40.82409072690159,80.53404807692307,2.233228084223277,1545.8166666666668,97.19838793454149
2024-07-22,14.0,85.45,1713.2,2088718.0,409.05,-0.3399935292546055,59.0,31.5,103.42579037985,14.0,539.2,11.388753580530812,80.55383653846155,2.0768102048054016,1535.5282051282052,11.153315819156886
2024-07-29,14.0,82.01599999999999,1772.4,2130985.0,415.65,-0.3399935292546055,60.0,31.75,103.42579037985,14.0,536.4,21.371585111943105,80.53812500000001,1.5043798513750424,1521.0897435897439,-55.41182841161245
2024-08-05,17.0,79.576,1725.2,2136667.0,402.7,-0.0426190613653564,60.0,31.75,105.213019573848,17.0,532.35,23.572538771794797,80.4597403846154,1.3463330738282664,1506.1378205128208,-13.351371680843146
2024-08-12,16.0,79.954,1626.4,1831205.0,399.9,-0.0426190613653564,60.5,31.75,105.213019573848,16.0,558.45,27.243455944903822,80.34920192307695,1.6050399345351247,1494.6358974358975,47.84454178069529
2024-08-19,20.0,82.08000000000001,1554.6,1984356.0,397.55,-0.0426190613653564,60.0,31.25,105.213019573848,20.0,552.6,13.450782214282288,80.19614423076924,1.2457597890049799,1483.451282051282,71.82867639607994
2024-08-26,13.0,79.19,1466.5,2072215.0,393.45,-0.0426190613653564,59.5,31.0,105.213019573848,13.0,536.5416666666666,33.71469341155407,80.026375,1.2859183129135043,1472.4762820512822,79.43071966531072
2024-09-02,16.0,80.224,1336.6,2047011.0,395.125,0.2093811137366278,57.25,30.5,104.369665575773,16.0,544.3125,33.933388566477134,79.83658653846155,1.2226459636411542,1461.824358974359,26.652835049926068
2024-09-09,16.0,74.15799999999999,1298.0,1858143.0,404.65,0.2093811137366278,56.0,30.0,104.369665575773,16.0,563.45,6.673423858248249,79.60241346153846,0.6669947162399088,1447.4666666666665,8.67218601146448
2024-09-16,17.0,72.42,1389.0,2154565.0,389.55,0.2093811137366278,56.0,30.0,104.369665575773,17.0,567.05,34.02485400648916,79.34431730769231,0.3248990821442746,1430.0339743589743,60.51245043454132
2024-09-23,13.0,75.18199999999999,1517.2,2090283.0,409.25,0.2093811137366278,54.75,29.5,104.369665575773,13.0,572.9800008333333,30.08983776416494,79.08837500000001,0.33871509046028203,1413.4657051282052,103.71952174864397
